id,nombre,pais,sitio_web
1,Literatura Random House,España,https://www.penguinrandomhouse.com
2,Alfaguara,España,https://www.alfaguara.com
3,Planeta,España,https://www.planetadelibros.com
4,Aguilar,España,https://www.planetadelibros.com
5,Lumen,España,https://www.penguinrandomhouse.com
6,Herder,España,https://herdereditorial.com
7,Emecé,Argentina,https://www.planetadelibros.com.ar
8,Suma de Letras,España,https://www.penguinrandomhouse.com
9,Plaza & Janés,España,https://www.penguinrandomhouse.com
10,Sigilo,Argentina,https://sigiloeditorial.com
11,Anagrama,España,https://www.anagrama-ed.es
12,Sudamericana,Argentina,https://www.penguinrandomhouse.com
